Date,Time,Comp,Round,Day,Venue,Result,GF,GA,Opponent,Poss,Attendance,Captain,Formation,Referee,Match Report,Notes,Season,xG,xGA
1997-09-17,,,Group stage,Wed,Home,W,4.0,1.0,no Rosenborg,,,,,Gilles Veissière,Match Report,,1997-1998,,
1997-10-01,,,Group stage,Wed,Away,W,2.0,0.0,pt Porto,,,,,Piero Ceccarini,Match Report,,1997-1998,,
1997-10-22,,,Group stage,Wed,Home,W,5.0,1.0,gr Olympiacos,,,,,Pierluigi Collina,Match Report,,1997-1998,,
1997-11-05,,,Group stage,Wed,Away,D,0.0,0.0,gr Olympiacos,,,,,Hellmut Krug,Match Report,,1997-1998,,
1997-11-27,,,Group stage,Thu,Away,L,0.0,2.0,no Rosenborg,,,,,Paul Durkin,Match Report,,1997-1998,,
1997-12-10,,,Group stage,Wed,Home,W,4.0,0.0,pt Porto,,,,,Pierluigi Pairetto,Match Report,,1997-1998,,
1998-03-04,,,Quarter-finals,Wed,Away,D,1.0,1.0,de Leverkusen,,,,,Kim Milton Nielsen,Match Report,Leg 1 of 2,1997-1998,,
1998-03-18,,,Quarter-finals,Wed,Home,W,3.0,0.0,de Leverkusen,,,,,Nikolai Levnikov,Match Report,Leg 2 of 2; Real Madrid won,1997-1998,,
1998-04-01,,,Semi-finals,Wed,Home,W,2.0,0.0,de Dortmund,,,,,Mario van der Ende,Match Report,Leg 1 of 2,1997-1998,,
1998-04-15,,,Semi-finals,Wed,Away,D,0.0,0.0,de Dortmund,,,,,Paul Durkin,Match Report,Leg 2 of 2; Real Madrid won,1997-1998,,
1998-05-20,,,Final,Wed,Neutral,W,1.0,0.0,it Juventus,,,,,Hellmut Krug,Match Report,,1997-1998,,
1998-09-16,,,Group stage,Wed,Home,W,2.0,0.0,it Inter,,,,,Hugh Dallas,Match Report,,1998-1999,,
1998-09-30,,,Group stage,Wed,Away,L,1.0,2.0,ru Spartak Moscow,,,,,Bernd Heynemann,Match Report,,1998-1999,,
1998-10-21,,,Group stage,Wed,Home,W,6.0,1.0,at Sturm Graz,,,,,Graham Barber,Match Report,,1998-1999,,
1998-11-05,,,Group stage,Thu,Away,W,5.0,1.0,at Sturm Graz,,,,,Karl-Erik Nilsson,Match Report,,1998-1999,,
1998-11-25,,,Group stage,Wed,Away,L,1.0,3.0,it Inter,,,,,Markus Merk,Match Report,,1998-1999,,
1998-12-09,,,Group stage,Wed,Home,W,2.0,1.0,ru Spartak Moscow,,,,,László Vagner,Match Report,,1998-1999,,
1999-03-03,,,Quarter-finals,Wed,Home,D,1.0,1.0,ua Dynamo Kyiv,,,,,Stefano Braschi,Match Report,Leg 1 of 2,1998-1999,,
1999-03-17,,,Quarter-finals,Wed,Away,L,0.0,2.0,ua Dynamo Kyiv,,,,,Anders Frisk,Match Report,Leg 2 of 2; Dynamo Kyiv won,1998-1999,,
1999-09-15,,,First group stage,Wed,Away,D,3.0,3.0,gr Olympiacos,,,,,Mario van der Ende,Match Report,,1999-2000,,
1999-09-21,,,First group stage,Tue,Home,W,4.0,1.0,no Molde,,,,,Hartmut Strampe,Match Report,,1999-2000,,
1999-09-28,,,First group stage,Tue,Home,W,3.0,1.0,pt Porto,,,,,Pierluigi Collina,Match Report,,1999-2000,,
1999-10-20,,,First group stage,Wed,Away,L,1.0,2.0,pt Porto,,,,,Bernd Heynemann,Match Report,,1999-2000,,
1999-10-26,,,First group stage,Tue,Home,W,3.0,0.0,gr Olympiacos,,,,,Markus Merk,Match Report,,1999-2000,,
1999-11-03,,,First group stage,Wed,Away,W,1.0,0.0,no Molde,,,,,Gilles Veissière,Match Report,,1999-2000,,
1999-11-24,,,Second group stage,Wed,Away,W,2.0,1.0,ua Dynamo Kyiv,,,,,David Elleray,Match Report,,1999-2000,,
1999-12-07,,,Second group stage,Tue,Home,W,3.0,1.0,no Rosenborg,,,,,Michel Piraux,Match Report,,1999-2000,,
2000-02-29,,,Second group stage,Tue,Home,L,2.0,4.0,de Bayern Munich,,,,,Kim Milton Nielsen,Match Report,,1999-2000,,
2000-03-08,,,Second group stage,Wed,Away,L,1.0,4.0,de Bayern Munich,,,,,Dick Jol,Match Report,,1999-2000,,
2000-03-14,,,Second group stage,Tue,Home,D,2.0,2.0,ua Dynamo Kyiv,,,,,Alain Sars,Match Report,,1999-2000,,
2000-03-22,,,Second group stage,Wed,Away,W,1.0,0.0,no Rosenborg,,,,,Nikolay Levnikov,Match Report,,1999-2000,,
2000-04-04,,,Quarter-finals,Tue,Home,D,0.0,0.0,eng Manchester Utd,,,,,Gilles Veissière,Match Report,Leg 1 of 2,1999-2000,,
2000-04-19,,,Quarter-finals,Wed,Away,W,3.0,2.0,eng Manchester Utd,,,,,Pierluigi Collina,Match Report,Leg 2 of 2; Real Madrid won,1999-2000,,
2000-05-03,,,Semi-finals,Wed,Home,W,2.0,0.0,de Bayern Munich,,,,,Anders Frisk,Match Report,Leg 1 of 2,1999-2000,,
2000-05-09,,,Semi-finals,Tue,Away,L,1.0,2.0,de Bayern Munich,,,,,Graham Poll,Match Report,Leg 2 of 2; Real Madrid won,1999-2000,,
2000-05-24,,,Final,Wed,Neutral,W,3.0,0.0,es Valencia,,,,,Stefano Braschi,Match Report,,1999-2000,,
2000-09-12,,,First group stage,Tue,Away,D,2.0,2.0,pt Sporting CP,,,,,Alfredo Trentalange,Match Report,,2000-2001,,
2000-09-20,,,First group stage,Wed,Home,W,1.0,0.0,ru Spartak Moscow,,,,,Leslie Irvine,Match Report,,2000-2001,,
2000-09-27,,,First group stage,Wed,Away,W,3.0,2.0,de Leverkusen,,,,,Karl-Erik Nilsson,Match Report,,2000-2001,,
2000-10-17,,,First group stage,Tue,Home,W,5.0,3.0,de Leverkusen,,,,,Domenico Messina,Match Report,,2000-2001,,
2000-10-25,,,First group stage,Wed,Home,W,4.0,0.0,pt Sporting CP,,,,,Urs Meier,Match Report,,2000-2001,,
2000-11-07,,,First group stage,Tue,Away,L,0.0,1.0,ru Spartak Moscow,,,,,Stéphane Bré,Match Report,,2000-2001,,
2000-11-22,,,Second group stage,Wed,Away,W,2.0,0.0,eng Leeds United,,,,,Dick Jol,Match Report,,2000-2001,,
2000-12-05,,,Second group stage,Tue,Home,W,4.0,1.0,be Anderlecht,,,,,Hugh Dallas,Match Report,,2000-2001,,
2001-02-13,,,Second group stage,Tue,Home,W,3.0,2.0,it Lazio,,,,,Gilles Veissière,Match Report,,2000-2001,,
2001-02-21,,,Second group stage,Wed,Away,D,2.0,2.0,it Lazio,,,,,Vítor Melo Pereira,Match Report,,2000-2001,,
2001-03-06,,,Second group stage,Tue,Home,W,3.0,2.0,eng Leeds United,,,,,Ryszard Wójcik,Match Report,,2000-2001,,
2001-03-14,,,Second group stage,Wed,Away,L,0.0,2.0,be Anderlecht,,,,,Alain Sars,Match Report,,2000-2001,,
2001-04-03,,,Quarter-finals,Tue,Away,L,2.0,3.0,tr Galatasaray,,,,,Pierluigi Collina,Match Report,Leg 1 of 2,2000-2001,,
2001-04-18,,,Quarter-finals,Wed,Home,W,3.0,0.0,tr Galatasaray,,,,,Anders Frisk,Match Report,Leg 2 of 2; Real Madrid won,2000-2001,,
2001-05-01,,,Semi-finals,Tue,Home,L,0.0,1.0,de Bayern Munich,,,,,Hugh Dallas,Match Report,Leg 1 of 2,2000-2001,,
2001-05-09,,,Semi-finals,Wed,Away,L,1.0,2.0,de Bayern Munich,,,,,Kim Milton Nielsen,Match Report,Leg 2 of 2; Bayern Munich won,2000-2001,,
2001-09-11,,,First group stage,Tue,Away,W,2.0,1.0,it Roma,,,,,Graham Poll,Match Report,,2001-2002,,
2001-09-19,,,First group stage,Wed,Home,W,4.0,0.0,ru Loko Moscow,,,,,Stéphane Bré,Match Report,,2001-2002,,
2001-09-26,,,First group stage,Wed,Home,W,4.0,1.0,be Anderlecht,,,,,Terje Hauge,Match Report,,2001-2002,,
2001-10-16,,,First group stage,Tue,Away,W,2.0,0.0,be Anderlecht,,,,,Knud Erik Fisker,Match Report,,2001-2002,,
2001-10-24,,,First group stage,Wed,Home,D,1.0,1.0,it Roma,,,,,Hellmut Krug,Match Report,,2001-2002,,
2001-10-30,,,First group stage,Tue,Away,L,0.0,2.0,ru Loko Moscow,,,,,Mike Riley,Match Report,,2001-2002,,
2001-11-21,,,Second group stage,Wed,Away,W,3.0,2.0,cz Sparta Prague,,,,,Stefano Braschi,Match Report,,2001-2002,,
2001-12-04,,,Second group stage,Tue,Home,W,3.0,0.0,gr Panathinaikos,,,,,Gilles Veissière,Match Report,,2001-2002,,
2002-02-19,,,Second group stage,Tue,Home,W,1.0,0.0,pt Porto,,,,,Markus Merk,Match Report,,2001-2002,,
2002-02-27,,,Second group stage,Wed,Away,W,2.0,1.0,pt Porto,,,,,Pierluigi Collina,Match Report,,2001-2002,,
2002-03-12,,,Second group stage,Tue,Home,W,3.0,0.0,cz Sparta Prague,,,,,Graham Poll,Match Report,,2001-2002,,
2002-03-20,,,Second group stage,Wed,Away,D,2.0,2.0,gr Panathinaikos,,,,,Domenico Messina,Match Report,,2001-2002,,
2002-04-02,,,Quarter-finals,Tue,Away,L,1.0,2.0,de Bayern Munich,,,,,Hugh Dallas,Match Report,Leg 1 of 2,2001-2002,,
2002-04-10,,,Quarter-finals,Wed,Home,W,2.0,0.0,de Bayern Munich,,,,,Stefano Braschi,Match Report,Leg 2 of 2; Real Madrid won,2001-2002,,
2002-04-23,,,Semi-finals,Tue,Away,W,2.0,0.0,es Barcelona,,,,,Anders Frisk,Match Report,Leg 1 of 2,2001-2002,,
2002-05-01,,,Semi-finals,Wed,Home,D,1.0,1.0,es Barcelona,,,,,Pierluigi Collina,Match Report,Leg 2 of 2; Real Madrid won,2001-2002,,
2002-05-15,,,Final,Wed,Neutral,W,2.0,1.0,de Leverkusen,,,,,Urs Meier,Match Report,,2001-2002,,
2002-09-17,,,First group stage,Tue,Away,W,3.0,0.0,it Roma,,,,,Markus Merk,Match Report,,2002-2003,,
2002-09-25,,,First group stage,Wed,Home,W,6.0,0.0,be Genk,,,,,Knud Erik Fisker,Match Report,,2002-2003,,
2002-10-02,,,First group stage,Wed,Away,D,3.0,3.0,gr AEK Athens,,,,,Valentin Ivanov,Match Report,,2002-2003,,
2002-10-22,,,First group stage,Tue,Home,D,2.0,2.0,gr AEK Athens,,,,,Herbert Fandel,Match Report,,2002-2003,,
2002-10-30,,,First group stage,Wed,Home,L,0.0,1.0,it Roma,,,,,Hugh Dallas,Match Report,,2002-2003,,
2002-11-12,,,First group stage,Tue,Away,D,1.0,1.0,be Genk,,,,,Jacek Granat,Match Report,,2002-2003,,
2002-11-26,,,Second group stage,Tue,Away,L,0.0,1.0,it Milan,,,,,Urs Meier,Match Report,,2002-2003,,
2002-12-11,,,Second group stage,Wed,Home,D,2.0,2.0,ru Loko Moscow,,,,,Graham Barber,Match Report,,2002-2003,,
2003-02-19,,,Second group stage,Wed,Home,W,2.0,1.0,de Dortmund,,,,,Ľuboš Michel,Match Report,,2002-2003,,
2003-02-25,,,Second group stage,Tue,Away,D,1.0,1.0,de Dortmund,,,,,Graham Poll,Match Report,,2002-2003,,
2003-03-12,,,Second group stage,Wed,Home,W,3.0,1.0,it Milan,,,,,Kim Milton Nielsen,Match Report,,2002-2003,,
2003-03-18,,,Second group stage,Tue,Away,W,1.0,0.0,ru Loko Moscow,,,,,Claude Colombo,Match Report,,2002-2003,,
2003-04-08,,,Quarter-finals,Tue,Home,W,3.0,1.0,eng Manchester Utd,,,,,Anders Frisk,Match Report,Leg 1 of 2,2002-2003,,
2003-04-23,,,Quarter-finals,Wed,Away,L,3.0,4.0,eng Manchester Utd,,,,,Pierluigi Collina,Match Report,Leg 2 of 2; Real Madrid won,2002-2003,,
2003-05-06,,,Semi-finals,Tue,Home,W,2.0,1.0,it Juventus,,,,,Terje Hauge,Match Report,Leg 1 of 2,2002-2003,,
2003-05-14,,,Semi-finals,Wed,Away,L,1.0,3.0,it Juventus,,,,,Urs Meier,Match Report,Leg 2 of 2; Juventus won,2002-2003,,
2003-09-16,,,Group stage,Tue,Home,W,4.0,2.0,fr Marseille,,,,,Wolfgang Stark,Match Report,,2003-2004,,
2003-10-01,,,Group stage,Wed,Away,W,3.0,1.0,pt Porto,,,,,Pierluigi Collina,Match Report,,2003-2004,,
2003-10-22,,,Group stage,Wed,Home,W,1.0,0.0,rs Partizan,,,,,Massimo Busacca,Match Report,,2003-2004,,
2003-11-04,,,Group stage,Tue,Away,D,0.0,0.0,rs Partizan,,,,,Cosimo Bolognino,Match Report,,2003-2004,,
2003-11-26,,,Group stage,Wed,Away,W,2.0,1.0,fr Marseille,,,,,Anders Frisk,Match Report,,2003-2004,,
2003-12-09,,,Group stage,Tue,Home,D,1.0,1.0,pt Porto,,,,,Stephen Bennett,Match Report,,2003-2004,,
2004-02-24,,,Round of 16,Tue,Away,D,1.0,1.0,de Bayern Munich,,,,,Terje Hauge,Match Report,Leg 1 of 2,2003-2004,,
2004-03-10,,,Round of 16,Wed,Home,W,1.0,0.0,de Bayern Munich,,,,,Urs Meier,Match Report,Leg 2 of 2; Real Madrid won,2003-2004,,
2004-03-24,,,Quarter-finals,Wed,Home,W,4.0,2.0,fr Monaco,,,,,Ľuboš Michel,Match Report,Leg 1 of 2,2003-2004,,
2004-04-06,,,Quarter-finals,Tue,Away,L,1.0,3.0,fr Monaco,,,,,Pierluigi Collina,Match Report,Leg 2 of 2; Monaco won,2003-2004,,
2004-08-11,,,Third qualifying round,Wed,Away,W,2.0,0.0,pl Wisła Kraków,,,,,Massimo Busacca,Match Report,Leg 1 of 2,2004-2005,,
2004-08-25,,,Third qualifying round,Wed,Home,W,3.0,1.0,pl Wisła Kraków,,,,,Kim Milton Nielsen,Match Report,Leg 2 of 2; Real Madrid won,2004-2005,,
2004-09-15,,,Group stage,Wed,Away,L,0.0,3.0,de Leverkusen,,,,,Graham Poll,Match Report,,2004-2005,,
2004-09-28,,,Group stage,Tue,Home,W,4.0,2.0,it Roma,,,,,Valentin Ivanov,Match Report,,2004-2005,,
2004-10-19,,,Group stage,Tue,Home,W,1.0,0.0,ua Dynamo Kyiv,,,,,Gilles Veissière,Match Report,,2004-2005,,
2004-11-03,,,Group stage,Wed,Away,D,2.0,2.0,ua Dynamo Kyiv,,,,,Kyros Vassaras,Match Report,,2004-2005,,
2004-11-23,,,Group stage,Tue,Home,D,1.0,1.0,de Leverkusen,,,,,Alain Hamer,Match Report,,2004-2005,,
2004-12-08,,,Group stage,Wed,Away,W,3.0,0.0,it Roma,,,,,René Temmink,Match Report,,2004-2005,,
2005-02-22,,,Round of 16,Tue,Home,W,1.0,0.0,it Juventus,,,,,Ľuboš Michel,Match Report,Leg 1 of 2,2004-2005,,
2005-03-09,,,Round of 16,Wed,Away,L,0.0,2.0,it Juventus,,,,,Markus Merk,Match Report,Leg 2 of 2; Juventus won; Required Extra Time,2004-2005,,
2005-09-13,,,Group stage,Tue,Away,L,0.0,3.0,fr Lyon,,,,,Massimo De Santis,Match Report,,2005-2006,,
2005-09-28,,,Group stage,Wed,Home,W,2.0,1.0,gr Olympiacos,,,,,Markus Merk,Match Report,,2005-2006,,
2005-10-19,,,Group stage,Wed,Home,W,4.0,1.0,no Rosenborg,,,,,Stephen Bennett,Match Report,,2005-2006,,
2005-11-01,,,Group stage,Tue,Away,W,2.0,0.0,no Rosenborg,,,,,Wolfgang Stark,Match Report,,2005-2006,,
2005-11-23,,,Group stage,Wed,Home,D,1.0,1.0,fr Lyon,,,,,Frank de Bleeckere,Match Report,,2005-2006,,
2005-12-06,,,Group stage,Tue,Away,L,1.0,2.0,gr Olympiacos,,,,,Kim Milton Nielsen,Match Report,,2005-2006,,
2006-02-21,,,Round of 16,Tue,Home,L,0.0,1.0,eng Arsenal,,,,,Stefano Farina,Match Report,Leg 1 of 2,2005-2006,,
2006-03-08,,,Round of 16,Wed,Away,D,0.0,0.0,eng Arsenal,,,,,Ľuboš Michel,Match Report,Leg 2 of 2; Arsenal won,2005-2006,,
2006-09-13,,,Group stage,Wed,Away,L,0.0,2.0,fr Lyon,,,,,Wolfgang Stark,Match Report,,2006-2007,,
2006-09-26,,,Group stage,Tue,Home,W,5.0,1.0,ua Dynamo Kyiv,,,,,Graham Poll,Match Report,,2006-2007,,
2006-10-17,,,Group stage,Tue,Away,W,4.0,1.0,ro Steaua,,,,,Roberto Rosetti,Match Report,,2006-2007,,
2006-11-01,,,Group stage,Wed,Home,W,1.0,0.0,ro Steaua,,,,,Konrad Plautz,Match Report,,2006-2007,,
2006-11-21,,,Group stage,Tue,Home,D,2.0,2.0,fr Lyon,,,,,Terje Hauge,Match Report,,2006-2007,,
2006-12-06,,,Group stage,Wed,Away,D,2.0,2.0,ua Dynamo Kyiv,,,,,Mike Riley,Match Report,,2006-2007,,
2007-02-20,,,Round of 16,Tue,Home,W,3.0,2.0,de Bayern Munich,,,,,Frank de Bleeckere,Match Report,Leg 1 of 2,2006-2007,,
2007-03-07,,,Round of 16,Wed,Away,L,1.0,2.0,de Bayern Munich,,,,,Ľuboš Michel,Match Report,Leg 2 of 2; Bayern Munich won,2006-2007,,
2007-09-18,,,Group stage,Tue,Home,W,2.0,1.0,de Werder Bremen,,,,,Howard Webb,Match Report,,2007-2008,,
2007-10-03,,,Group stage,Wed,Away,D,2.0,2.0,it Lazio,,,,,Frank de Bleeckere,Match Report,,2007-2008,,
2007-10-24,,,Group stage,Wed,Home,W,4.0,2.0,gr Olympiacos,,,,,Tom Henning Øvrebø,Match Report,,2007-2008,,
2007-11-06,,,Group stage,Tue,Away,D,0.0,0.0,gr Olympiacos,,,,,Ľuboš Michel,Match Report,,2007-2008,,
2007-11-28,,,Group stage,Wed,Away,L,2.0,3.0,de Werder Bremen,,,,,Pieter Vink,Match Report,,2007-2008,,
2007-12-11,,,Group stage,Tue,Home,W,3.0,1.0,it Lazio,,,,,Massimo Busacca,Match Report,,2007-2008,,
2008-02-19,,,Round of 16,Tue,Away,L,1.0,2.0,it Roma,,,,,Herbert Fandel,Match Report,Leg 1 of 2,2007-2008,,
2008-03-05,,,Round of 16,Wed,Home,L,1.0,2.0,it Roma,,,,,Kyros Vassaras,Match Report,Leg 2 of 2; Roma won,2007-2008,,
2008-09-17,,,Group stage,Wed,Home,W,2.0,0.0,by BATE Borisov,,,,,Alain Hamer,Match Report,,2008-2009,,
2008-09-30,,,Group stage,Tue,Away,W,2.0,1.0,ru Zenit,,,,,Massimo Busacca,Match Report,,2008-2009,,
2008-10-21,,,Group stage,Tue,Away,L,1.0,2.0,it Juventus,,,,,Wolfgang Stark,Match Report,,2008-2009,,
2008-11-05,,,Group stage,Wed,Home,L,0.0,2.0,it Juventus,,,,,Pieter Vink,Match Report,,2008-2009,,
2008-11-25,,,Group stage,Tue,Away,W,1.0,0.0,by BATE Borisov,,,,,Terje Hauge,Match Report,,2008-2009,,
2008-12-10,,,Group stage,Wed,Home,W,3.0,0.0,ru Zenit,,,,,Jonas Eriksson,Match Report,,2008-2009,,
2009-02-25,,,Round of 16,Wed,Home,L,0.0,1.0,eng Liverpool,,,,,Roberto Rosetti,Match Report,Leg 1 of 2,2008-2009,,
2009-03-10,,,Round of 16,Tue,Away,L,0.0,4.0,eng Liverpool,,,,,Frank de Bleeckere,Match Report,Leg 2 of 2; Liverpool won,2008-2009,,
2009-09-15,,,Group stage,Tue,Away,W,5.0,2.0,ch Zürich,,,,,Martin Atkinson,Match Report,,2009-2010,,
2009-09-30,,,Group stage,Wed,Home,W,3.0,0.0,fr Marseille,,,,,Martin Hansson,Match Report,,2009-2010,,
2009-10-21,,,Group stage,Wed,Home,L,2.0,3.0,it Milan,,,,,Frank de Bleeckere,Match Report,,2009-2010,,
2009-11-03,,,Group stage,Tue,Away,D,1.0,1.0,it Milan,,,,,Felix Brych,Match Report,,2009-2010,,
2009-11-25,,,Group stage,Wed,Home,W,1.0,0.0,ch Zürich,,,,,Alain Hamer,Match Report,,2009-2010,,
2009-12-08,,,Group stage,Tue,Away,W,3.0,1.0,fr Marseille,,,,,Wolfgang Stark,Match Report,,2009-2010,,
2010-02-16,,,Round of 16,Tue,Away,L,0.0,1.0,fr Lyon,,,,,Martin Atkinson,Match Report,Leg 1 of 2,2009-2010,,
2010-03-10,,,Round of 16,Wed,Home,D,1.0,1.0,fr Lyon,,,,,Nicola Rizzoli,Match Report,Leg 2 of 2; Lyon won,2009-2010,,
2010-09-15,,,Group stage,Wed,Home,W,2.0,0.0,nl Ajax,,,,,Damir Skomina,Match Report,,2010-2011,,
2010-09-28,,,Group stage,Tue,Away,W,1.0,0.0,fr Auxerre,,,,,Claus Bo Larsen,Match Report,,2010-2011,,
2010-10-19,,,Group stage,Tue,Home,W,2.0,0.0,it Milan,,,,,Pedro Proença,Match Report,,2010-2011,,
2010-11-03,,,Group stage,Wed,Away,D,2.0,2.0,it Milan,,,,,Howard Webb,Match Report,,2010-2011,,
2010-11-23,,,Group stage,Tue,Away,W,4.0,0.0,nl Ajax,,,,,Craig Thomson,Match Report,,2010-2011,,
2010-12-08,,,Group stage,Wed,Home,W,4.0,0.0,fr Auxerre,,,,,Serge Gumienny,Match Report,,2010-2011,,
2011-02-22,,,Round of 16,Tue,Away,D,1.0,1.0,fr Lyon,,,,,Wolfgang Stark,Match Report,Leg 1 of 2,2010-2011,,
2011-03-16,,,Round of 16,Wed,Home,W,3.0,0.0,fr Lyon,,,,,Damir Skomina,Match Report,Leg 2 of 2; Real Madrid won,2010-2011,,
2011-04-05,,,Quarter-finals,Tue,Home,W,4.0,0.0,eng Tottenham,,,,,Felix Brych,Match Report,Leg 1 of 2,2010-2011,,
2011-04-13,,,Quarter-finals,Wed,Away,W,1.0,0.0,eng Tottenham,,,,,Nicola Rizzoli,Match Report,Leg 2 of 2; Real Madrid won,2010-2011,,
2011-04-27,,,Semi-finals,Wed,Home,L,0.0,2.0,es Barcelona,,,,,Wolfgang Stark,Match Report,Leg 1 of 2,2010-2011,,
2011-05-03,,,Semi-finals,Tue,Away,D,1.0,1.0,es Barcelona,,,,,Frank de Bleeckere,Match Report,Leg 2 of 2; Barcelona won,2010-2011,,
2011-09-14,,,Group stage,Wed,Away,W,1,0,hr Dinamo Zagreb,,,,,Svein Oddvar Moen,Match Report,,2011-2012,,
2011-09-27,,,Group stage,Tue,Home,W,3,0,nl Ajax,,,,,Mark Clattenburg,Match Report,,2011-2012,,
2011-10-18,,,Group stage,Tue,Home,W,4,0,fr Lyon,,,,,Cüneyt Çakır,Match Report,,2011-2012,,
2011-11-02,,,Group stage,Wed,Away,W,2,0,fr Lyon,,,,,Nicola Rizzoli,Match Report,,2011-2012,,
2011-11-22,,,Group stage,Tue,Home,W,6,2,hr Dinamo Zagreb,,,,,Alan Kelly,Match Report,,2011-2012,,
2011-12-07,,,Group stage,Wed,Away,W,3,0,nl Ajax,,,,,Jorge Sousa,Match Report,,2011-2012,,
2012-02-21,,,Round of 16,Tue,Away,D,1,1,ru CSKA Moscow,,,,,Björn Kuipers,Match Report,Leg 1 of 2,2011-2012,,
2012-03-14,,,Round of 16,Wed,Home,W,4,1,ru CSKA Moscow,,,,,Stéphane Lannoy,Match Report,Leg 2 of 2; Real Madrid won,2011-2012,,
2012-03-27,,,Quarter-finals,Tue,Away,W,3,0,cy APOEL FC,,,,,Felix Brych,Match Report,Leg 1 of 2,2011-2012,,
2012-04-04,,,Quarter-finals,Wed,Home,W,5,2,cy APOEL FC,,,,,Gianluca Rocchi,Match Report,Leg 2 of 2; Real Madrid won,2011-2012,,
2012-04-17,,,Semi-finals,Tue,Away,L,1,2,de Bayern Munich,,,,,Howard Webb,Match Report,Leg 1 of 2,2011-2012,,
2012-04-25,,,Semi-finals,Wed,Home,W,2 (1),1 (3),de Bayern Munich,,,,,Viktor Kassai,Match Report,Leg 2 of 2; Bayern Munich won; Bayern Munich won on penalty kicks following extra time,2011-2012,,
2012-09-18,,,Group stage,Tue,Home,W,3.0,2.0,eng Manchester City,,,,,Damir Skomina,Match Report,,2012-2013,,
2012-10-03,,,Group stage,Wed,Away,W,4.0,1.0,nl Ajax,,,,,Jonas Eriksson,Match Report,,2012-2013,,
2012-10-24,,,Group stage,Wed,Away,L,1.0,2.0,de Dortmund,,,,,Viktor Kassai,Match Report,,2012-2013,,
2012-11-06,,,Group stage,Tue,Home,D,2.0,2.0,de Dortmund,,,,,Cüneyt Çakır,Match Report,,2012-2013,,
2012-11-21,,,Group stage,Wed,Away,D,1.0,1.0,eng Manchester City,,,,,Gianluca Rocchi,Match Report,,2012-2013,,
2012-12-04,,,Group stage,Tue,Home,W,4.0,1.0,nl Ajax,,,,,Pavel Královec,Match Report,,2012-2013,,
2013-02-13,,,Round of 16,Wed,Home,D,1.0,1.0,eng Manchester Utd,,,,,Felix Brych,Match Report,Leg 1 of 2,2012-2013,,
2013-03-05,,,Round of 16,Tue,Away,W,2.0,1.0,eng Manchester Utd,,,,,Cüneyt Çakır,Match Report,Leg 2 of 2; Real Madrid won,2012-2013,,
2013-04-03,,,Quarter-finals,Wed,Home,W,3.0,0.0,tr Galatasaray,,,,,Svein Oddvar Moen,Match Report,Leg 1 of 2,2012-2013,,
2013-04-09,,,Quarter-finals,Tue,Away,L,2.0,3.0,tr Galatasaray,,,,,Stéphane Lannoy,Match Report,Leg 2 of 2; Real Madrid won,2012-2013,,
2013-04-24,,,Semi-finals,Wed,Away,L,1.0,4.0,de Dortmund,,,,,Björn Kuipers,Match Report,Leg 1 of 2,2012-2013,,
2013-04-30,,,Semi-finals,Tue,Home,W,2.0,0.0,de Dortmund,,,,,Howard Webb,Match Report,Leg 2 of 2; Dortmund won,2012-2013,,
2013-09-17,,,Group stage,Tue,Away,W,6.0,1.0,tr Galatasaray,,,,4-2-3-1,Mark Clattenburg,Match Report,,2013-2014,,
2013-10-02,,,Group stage,Wed,Home,W,4.0,0.0,dk FC Copenhagen,,,,4-3-3,Matej Jug,Match Report,,2013-2014,,
2013-10-23,,,Group stage,Wed,Home,W,2.0,1.0,it Juventus,,,,4-2-3-1,Manuel Gräfe,Match Report,,2013-2014,,
2013-11-05,,,Group stage,Tue,Away,D,2.0,2.0,it Juventus,,,,4-3-3,Howard Webb,Match Report,,2013-2014,,
2013-11-27,,,Group stage,Wed,Home,W,4.0,1.0,tr Galatasaray,,,,4-2-3-1,William Collum,Match Report,,2013-2014,,
2013-12-10,,,Group stage,Tue,Away,W,2.0,0.0,dk FC Copenhagen,,,,4-2-3-1,Felix Brych,Match Report,,2013-2014,,
2014-02-26,,,Round of 16,Wed,Away,W,6.0,1.0,de Schalke 04,,,,4-3-3,Howard Webb,Match Report,Leg 1 of 2,2013-2014,,
2014-03-18,,,Round of 16,Tue,Home,W,3.0,1.0,de Schalke 04,,,,4-3-3,Sergei Karasev,Match Report,Leg 2 of 2; Real Madrid won,2013-2014,,
2014-04-02,,,Quarter-finals,Wed,Home,W,3.0,0.0,de Dortmund,,,,4-3-3,Mark Clattenburg,Match Report,Leg 1 of 2,2013-2014,,
2014-04-08,,,Quarter-finals,Tue,Away,L,0.0,2.0,de Dortmund,,,,4-3-3,Damir Skomina,Match Report,Leg 2 of 2; Real Madrid won,2013-2014,,
2014-04-23,,,Semi-finals,Wed,Home,W,1.0,0.0,de Bayern Munich,,,,4-4-2,Howard Webb,Match Report,Leg 1 of 2,2013-2014,,
2014-04-29,,,Semi-finals,Tue,Away,W,4.0,0.0,de Bayern Munich,,,,4-4-2,Pedro Proença,Match Report,Leg 2 of 2; Real Madrid won,2013-2014,,
2014-05-24,,,Final,Sat,Neutral,W,4.0,1.0,es Atlético Madrid,,,,4-3-3,Björn Kuipers,Match Report,Required Extra Time,2013-2014,,
2014-09-16,20:45,,Group stage,Tue,Home,W,5.0,1.0,ch Basel,52.0,65364.0,,4-3-3,Damir Skomina,Match Report,,2014-2015,,
2014-10-01,21:45,,Group stage,Wed,Away,W,2.0,1.0,bg Ludogorets,60.0,41484.0,,4-4-2,Craig Thomson,Match Report,,2014-2015,,
2014-10-22,19:45,,Group stage,Wed,Away,W,3.0,0.0,eng Liverpool,53.0,43521.0,,4-4-2,Nicola Rizzoli,Match Report,,2014-2015,,
2014-11-04,20:45,,Group stage,Tue,Home,W,1.0,0.0,eng Liverpool,57.0,75000.0,,4-4-2,Viktor Kassai,Match Report,,2014-2015,,
2014-11-26,20:45,,Group stage,Wed,Away,W,1.0,0.0,ch Basel,54.0,36000.0,,4-3-3,Milorad Mažić,Match Report,,2014-2015,,
2014-12-09,20:45,,Group stage,Tue,Home,W,4.0,0.0,bg Ludogorets,57.0,58393.0,,4-4-2,Clément Turpin,Match Report,,2014-2015,,
2015-02-18,20:45,,Round of 16,Wed,Away,W,2.0,0.0,de Schalke 04,61.0,54400.0,,4-3-3,Martin Atkinson,Match Report,Leg 1 of 2,2014-2015,,
2015-03-10,20:45,,Round of 16,Tue,Home,L,3.0,4.0,de Schalke 04,51.0,69986.0,,4-3-3,Damir Skomina,Match Report,Leg 2 of 2; Real Madrid won,2014-2015,,
2015-04-14,20:45,,Quarter-finals,Tue,Away,D,0.0,0.0,es Atlético Madrid,58.0,52553.0,,4-3-3,Milorad Mažić,Match Report,Leg 1 of 2,2014-2015,,
2015-04-22,20:45,,Quarter-finals,Wed,Home,W,1.0,0.0,es Atlético Madrid,64.0,80000.0,,4-3-3,Felix Brych,Match Report,Leg 2 of 2; Real Madrid won,2014-2015,,
2015-05-05,20:45,,Semi-finals,Tue,Away,L,1.0,2.0,it Juventus,53.0,41011.0,,4-4-2,Martin Atkinson,Match Report,Leg 1 of 2,2014-2015,,
2015-05-13,20:45,,Semi-finals,Wed,Home,D,1.0,1.0,it Juventus,53.0,78153.0,,4-3-3,Jonas Eriksson,Match Report,Leg 2 of 2; Juventus won,2014-2015,,
2015-09-15,20:45,,Group stage,Tue,Home,W,4,0,ua Shakhtar,50.0,66389.0,Sergio Ramos,4-2-3-1,Ivan Bebek,Match Report,,2015-2016,,
2015-09-30,20:45,,Group stage,Wed,Away,W,2,0,se Malmö,70.0,20500.0,Cristiano Ronaldo,4-2-3-1,Cüneyt Çakιr,Match Report,,2015-2016,,
2015-10-21,20:45,,Group stage,Wed,Away,D,0,0,fr Paris S-G,42.0,46858.0,Sergio Ramos,4-4-2,Nicola Rizzoli,Match Report,,2015-2016,,
2015-11-03,20:45,,Group stage,Tue,Home,W,1,0,fr Paris S-G,41.0,78300.0,Sergio Ramos,4-3-3,Mark Clattenburg,Match Report,,2015-2016,,
2015-11-25,21:45,,Group stage,Wed,Away,W,4,3,ua Shakhtar,55.0,33990.0,Pepe,4-3-3,Bas Nijhuis,Match Report,,2015-2016,,
2015-12-08,20:45,,Group stage,Tue,Home,W,8,0,se Malmö,59.0,60663.0,Pepe,4-3-3,Daniele Orsato,Match Report,,2015-2016,,
2016-02-17,20:45,,Round of 16,Wed,Away,W,2,0,it Roma,60.0,55612.0,Sergio Ramos,4-3-3,Pavel Královec,Match Report,Leg 1 of 2,2015-2016,,
2016-03-08,20:45,,Round of 16,Tue,Home,W,2,0,it Roma,56.0,76654.0,Sergio Ramos,4-3-3,Szymon Marciniak,Match Report,Leg 2 of 2; Real Madrid won,2015-2016,,
2016-04-06,20:45,,Quarter-finals,Wed,Away,L,0,2,de Wolfsburg,59.0,26400.0,Sergio Ramos,4-3-3,Gianluca Rocchi,Match Report,Leg 1 of 2,2015-2016,,
2016-04-12,20:45,,Quarter-finals,Tue,Home,W,3,0,de Wolfsburg,56.0,76684.0,Sergio Ramos,4-3-3,Viktor Kassai,Match Report,Leg 2 of 2; Real Madrid won,2015-2016,,
2016-04-26,19:45,,Semi-finals,Tue,Away,D,0,0,eng Manchester City,52.0,52221.0,Sergio Ramos,4-3-3,Cüneyt Çakιr,Match Report,Leg 1 of 2,2015-2016,,
2016-05-04,20:45,,Semi-finals,Wed,Home,W,1,0,eng Manchester City,53.0,78300.0,Sergio Ramos,4-3-3,Damir Skomina,Match Report,Leg 2 of 2; Real Madrid won,2015-2016,,
2016-05-28,20:45,,Final,Sat,Neutral,D,1 (5),1 (3),es Atlético Madrid,48.0,71942.0,Sergio Ramos,4-3-3,Mark Clattenburg,Match Report,Real Madrid won on penalty kicks following extra time,2015-2016,,
2016-09-14,20:45,,Group stage,Wed,Home,W,2.0,1.0,pt Sporting CP,60.0,72179.0,Sergio Ramos,4-3-3,Paolo Tagliavento,Match Report,,2016-2017,,
2016-09-27,20:45,,Group stage,Tue,Away,D,2.0,2.0,de Dortmund,40.0,65849.0,Sergio Ramos,4-3-3,Mark Clattenburg,Match Report,,2016-2017,,
2016-10-18,20:45,,Group stage,Tue,Home,W,5.0,1.0,pl Legia Warsaw,61.0,70251.0,Marcelo,4-3-3,Ruddy Buquet,Match Report,,2016-2017,,
2016-11-02,20:45,,Group stage,Wed,Away,D,3.0,3.0,pl Legia Warsaw,58.0,,Cristiano Ronaldo,4-4-2,Pavel Královec,Match Report,,2016-2017,,
2016-11-22,19:45,,Group stage,Tue,Away,W,2.0,1.0,pt Sporting CP,59.0,50046.0,Sergio Ramos,4-2-3-1,William Collum,Match Report,,2016-2017,,
2016-12-07,20:45,,Group stage,Wed,Home,D,2.0,2.0,de Dortmund,46.0,76894.0,Sergio Ramos,4-3-3,Szymon Marciniak,Match Report,,2016-2017,,
2017-02-15,20:45,,Round of 16,Wed,Home,W,3.0,1.0,it Napoli,50.0,78000.0,Sergio Ramos,4-3-3,Damir Skomina,Match Report,Leg 1 of 2,2016-2017,,
2017-03-07,20:45,,Round of 16,Tue,Away,W,3.0,1.0,it Napoli,46.0,56695.0,Cristiano Ronaldo,4-3-3,Cüneyt Çakιr,Match Report,Leg 2 of 2; Real Madrid won,2016-2017,,
2017-04-12,20:45,,Quarter-finals,Wed,Away,W,2.0,1.0,de Bayern Munich,52.0,70000.0,Sergio Ramos,4-3-3,Nicola Rizzoli,Match Report,Leg 1 of 2,2016-2017,,
2017-04-18,20:45,,Quarter-finals,Tue,Home,W,4.0,2.0,de Bayern Munich,44.0,78346.0,Sergio Ramos,4-3-3,Viktor Kassai,Match Report,Leg 2 of 2; Real Madrid won; Required Extra Time,2016-2017,,
2017-05-02,20:45,,Semi-finals,Tue,Home,W,3.0,0.0,es Atlético Madrid,62.0,77609.0,Sergio Ramos,4-1-2-1-2◆,Martin Atkinson,Match Report,Leg 1 of 2,2016-2017,,
2017-05-10,20:45,,Semi-finals,Wed,Away,L,1.0,2.0,es Atlético Madrid,64.0,53422.0,Sergio Ramos,4-3-1-2,Cüneyt Çakιr,Match Report,Leg 2 of 2; Real Madrid won,2016-2017,,
2017-06-03,19:45,,Final,Sat,Neutral,W,4.0,1.0,it Juventus,56.0,65842.0,Sergio Ramos,4-3-1-2,Felix Brych,Match Report,,2016-2017,,
2017-09-13,20:45,,Group stage,Wed,Home,W,3.0,0.0,cy APOEL FC,69.0,71060.0,Sergio Ramos,4-1-2-1-2◆,Benoît Bastien,Match Report,,2017-2018,3.9,0.2
2017-09-26,20:45,,Group stage,Tue,Away,W,3.0,1.0,de Dortmund,47.0,65849.0,Sergio Ramos,4-1-2-1-2◆,Björn Kuipers,Match Report,,2017-2018,3.2,1.2
2017-10-17,20:45,,Group stage,Tue,Home,D,1.0,1.0,eng Tottenham,66.0,76589.0,Sergio Ramos,4-3-1-2,Szymon Marciniak,Match Report,,2017-2018,2.9,0.9
2017-11-01,19:45,,Group stage,Wed,Away,L,1.0,3.0,eng Tottenham,63.0,83782.0,Sergio Ramos,4-1-2-1-2◆,Cüneyt Çakιr,Match Report,,2017-2018,2.2,2.3
2017-11-21,21:45,,Group stage,Tue,Away,W,6.0,0.0,cy APOEL FC,70.0,19705.0,Marcelo,4-4-2,Artur Soares Dias,Match Report,,2017-2018,3.7,0.5
2017-12-06,20:45,,Group stage,Wed,Home,W,3.0,2.0,de Dortmund,67.0,73323.0,Sergio Ramos,4-3-3,Pavel Královec,Match Report,,2017-2018,2.7,1.7
2018-02-14,20:45,,Round of 16,Wed,Home,W,3.0,1.0,fr Paris S-G,51.0,78158.0,Sergio Ramos,4-3-1-2,Gianluca Rocchi,Match Report,Leg 1 of 2,2017-2018,2.4,1.0
2018-03-06,20:45,,Round of 16,Tue,Away,W,2.0,1.0,fr Paris S-G,50.0,46585.0,Sergio Ramos,4-4-2,Felix Brych,Match Report,Leg 2 of 2; Real Madrid won,2017-2018,2.2,1.1
2018-04-03,20:45,,Quarter-finals,Tue,Away,W,3.0,0.0,it Juventus,56.0,40849.0,Sergio Ramos,4-1-2-1-2◆,Cüneyt Çakιr,Match Report,Leg 1 of 2,2017-2018,3.1,1.6
2018-04-11,20:45,,Quarter-finals,Wed,Home,L,1.0,3.0,it Juventus,61.0,75796.0,Marcelo,4-1-2-1-2◆,Michael Oliver,Match Report,Leg 2 of 2; Real Madrid won,2017-2018,2.7,2.7
2018-04-25,20:45,,Semi-finals,Wed,Away,W,2.0,1.0,de Bayern Munich,41.0,70000.0,Sergio Ramos,4-1-4-1,Björn Kuipers,Match Report,Leg 1 of 2,2017-2018,0.7,1.9
2018-05-01,20:45,,Semi-finals,Tue,Home,D,2.0,2.0,de Bayern Munich,40.0,77459.0,Sergio Ramos,4-4-2,Cüneyt Çakιr,Match Report,Leg 2 of 2; Real Madrid won,2017-2018,1.8,3.0
2018-05-26,21:45,,Final,Sat,Neutral,W,3.0,1.0,eng Liverpool,65.0,61561.0,Sergio Ramos,4-3-1-2,Milorad Mažić,Match Report,,2017-2018,1.5,1.9
2018-09-19,21:00,,Group stage,Wed,Home,W,3.0,0.0,it Roma,61.0,69251.0,Sergio Ramos,4-3-3,Björn Kuipers,Match Report,,2018-2019,3.5,0.6
2018-10-02,22:00,,Group stage,Tue,Away,L,0.0,1.0,ru CSKA Moscow,72.0,71811.0,Karim Benzema,4-3-3,Ovidiu Hațegan,Match Report,,2018-2019,2.2,0.4
2018-10-23,21:00,,Group stage,Tue,Home,W,2.0,1.0,cz Viktoria Plzeň,68.0,67356.0,Sergio Ramos,4-3-3,Orel Grinfeeld,Match Report,,2018-2019,2.6,1.6
2018-11-07,21:00,,Group stage,Wed,Away,W,5.0,0.0,cz Viktoria Plzeň,62.0,11483.0,Sergio Ramos,4-2-3-1,Deniz Aytekin,Match Report,,2018-2019,1.6,0.5
2018-11-27,21:00,,Group stage,Tue,Away,W,2.0,0.0,it Roma,59.0,59124.0,Sergio Ramos,4-3-3,Ruddy Buquet,Match Report,,2018-2019,1.7,2.1
2018-12-12,18:55,,Group stage,Wed,Home,L,0.0,3.0,ru CSKA Moscow,68.0,51636.0,Marcelo,4-2-3-1,Hugo Miguel,Match Report,,2018-2019,1.3,0.9
2019-02-13,21:00,,Round of 16,Wed,Away,W,2.0,1.0,nl Ajax,50.0,52286.0,Sergio Ramos,4-3-3,Szymon Marciniak,Match Report,Leg 1 of 2,2018-2019,1.5,2.2
2019-03-05,21:00,,Round of 16,Tue,Home,L,1.0,4.0,nl Ajax,57.0,77013.0,Karim Benzema,4-3-3,Felix Brych,Match Report,Leg 2 of 2; Ajax won,2018-2019,2.5,2.6
2019-09-18,21:00,,Group stage,Wed,Away,L,0.0,3.0,fr Paris S-G,48.0,46361.0,Karim Benzema,4-3-3,Anthony Taylor,Match Report,,2019-2020,0.6,1.7
2019-10-01,18:55,,Group stage,Tue,Home,D,2.0,2.0,be Club Brugge,73.0,65112.0,Sergio Ramos,4-3-3,Georgi Kabakov,Match Report,,2019-2020,2.3,1.4
2019-10-22,22:00,,Group stage,Tue,Away,W,1.0,0.0,tr Galatasaray,44.0,48886.0,Sergio Ramos,4-3-3,Daniele Orsato,Match Report,,2019-2020,2.4,1.2
2019-11-06,21:00,,Group stage,Wed,Home,W,6.0,0.0,tr Galatasaray,69.0,65492.0,Sergio Ramos,4-3-3,Felix Zwayer,Match Report,,2019-2020,4.2,0.6
2019-11-26,21:00,,Group stage,Tue,Home,D,2.0,2.0,fr Paris S-G,53.0,75534.0,Sergio Ramos,4-3-1-2,Artur Soares Dias,Match Report,,2019-2020,3.9,2.4
2019-12-11,21:00,,Group stage,Wed,Away,W,3.0,1.0,be Club Brugge,57.0,27308.0,Raphaël Varane,4-2-3-1,Tobias Stieler,Match Report,,2019-2020,1.2,1.0
2020-02-26,21:00,,Round of 16,Wed,Home,L,1.0,2.0,eng Manchester City,49.0,75615.0,Sergio Ramos,4-3-3,Daniele Orsato,Match Report,Leg 1 of 2,2019-2020,1.2,3.2
2020-08-07,20:00,,Round of 16,Fri,Away,L,1.0,2.0,eng Manchester City,45.0,,Karim Benzema,4-3-3,Felix Brych,Match Report,Leg 2 of 2; Manchester City won,2019-2020,0.8,2.1
2020-10-21,18:55,,Group stage,Wed,Home,L,2.0,3.0,ua Shakhtar,59.0,,Marcelo,4-3-3,Srđan Jovanović,Match Report,,2020-2021,1.0,1.7
2020-10-27,21:00,,Group stage,Tue,Away,D,2.0,2.0,de Gladbach,65.0,,Sergio Ramos,4-3-3,Orel Grinfeeld,Match Report,,2020-2021,2.6,1.6
2020-11-03,21:00,,Group stage,Tue,Home,W,3.0,2.0,it Inter,55.0,,Sergio Ramos,4-3-3,Clément Turpin,Match Report,,2020-2021,1.2,0.7
2020-11-25,21:00,,Group stage,Wed,Away,W,2.0,0.0,it Inter,62.0,,Raphaël Varane,4-2-3-1,Anthony Taylor,Match Report,,2020-2021,2.0,0.2
2020-12-01,19:55,,Group stage,Tue,Away,L,0.0,2.0,ua Shakhtar,59.0,,Karim Benzema,4-2-3-1,Ovidiu Hațegan,Match Report,,2020-2021,1.4,1.3
2020-12-09,21:00,,Group stage,Wed,Home,W,2.0,0.0,de Gladbach,63.0,,Sergio Ramos,4-3-3,Björn Kuipers,Match Report,,2020-2021,2.8,1.0
2021-02-24,21:00,,Round of 16,Wed,Away,W,1.0,0.0,it Atalanta,68.0,,Raphaël Varane,4-3-3,Tobias Stieler,Match Report,Leg 1 of 2,2020-2021,1.5,0.1
2021-03-16,21:00,,Round of 16,Tue,Home,W,3.0,1.0,it Atalanta,53.0,,Sergio Ramos,3-5-2,Danny Makkelie,Match Report,Leg 2 of 2; Real Madrid won,2020-2021,2.7,1.3
2021-04-06,21:00,,Quarter-finals,Tue,Home,W,3.0,1.0,eng Liverpool,45.0,,Karim Benzema,4-3-3,Felix Brych,Match Report,Leg 1 of 2,2020-2021,2.1,0.7
2021-04-14,20:00,,Quarter-finals,Wed,Away,D,0.0,0.0,eng Liverpool,44.0,,Karim Benzema,4-3-3,Björn Kuipers,Match Report,Leg 2 of 2; Real Madrid won,2020-2021,0.8,1.2
2021-04-27,21:00,,Semi-finals,Tue,Home,D,1.0,1.0,eng Chelsea,51.0,,Marcelo,3-5-2,Danny Makkelie,Match Report,Leg 1 of 2,2020-2021,0.7,1.7
2021-05-05,20:00,,Semi-finals,Wed,Away,L,0.0,2.0,eng Chelsea,67.0,,Sergio Ramos,3-5-2,Daniele Orsato,Match Report,Leg 2 of 2; Chelsea won,2020-2021,0.5,4.0
2021-09-15,21:00,,Group stage,Wed,Away,W,1.0,0.0,it Inter,53.0,37082.0,Karim Benzema,4-3-3,Daniel Siebert,Match Report,,2021-2022,1.2,2.4
2021-09-28,21:00,,Group stage,Tue,Home,L,1.0,2.0,md Sheriff Tiraspol,75.0,24522.0,Karim Benzema,4-3-3,Lawrence Visser,Match Report,,2021-2022,3.1,0.4
2021-10-19,22:00,,Group stage,Tue,Away,W,5.0,0.0,ua Shakhtar,58.0,34037.0,Karim Benzema,4-3-3,Srđan Jovanović,Match Report,,2021-2022,2.6,0.7
2021-11-03,18:45,,Group stage,Wed,Home,W,2.0,1.0,ua Shakhtar,54.0,38105.0,Karim Benzema,4-3-3,Benoît Bastien,Match Report,,2021-2022,2.0,1.3
2021-11-24,22:00,,Group stage,Wed,Away,W,3.0,0.0,md Sheriff Tiraspol,69.0,5932.0,Karim Benzema,4-3-3,Szymon Marciniak,Match Report,,2021-2022,1.5,1.4
2021-12-07,21:00,,Group stage,Tue,Home,W,2.0,0.0,it Inter,50.0,44887.0,Luka Modrić,4-3-3,Felix Brych,Match Report,,2021-2022,1.2,0.9
2022-02-15,21:00,,Round of 16,Tue,Away,L,0.0,1.0,fr Paris S-G,43.0,47443.0,Karim Benzema,4-3-3,Daniele Orsato,Match Report,Leg 1 of 2,2021-2022,0.2,2.0
2022-03-09,21:00,,Round of 16,Wed,Home,W,3.0,1.0,fr Paris S-G,44.0,59895.0,Karim Benzema,4-3-3,Danny Makkelie,Match Report,Leg 2 of 2; Real Madrid won,2021-2022,2.0,0.8
2022-04-06,20:00,,Quarter-finals,Wed,Away,W,3.0,1.0,eng Chelsea,43.0,38689.0,Karim Benzema,4-3-3,Clément Turpin,Match Report,Leg 1 of 2,2021-2022,1.8,1.3
2022-04-12,21:00,,Quarter-finals,Tue,Home,L,2.0,3.0,eng Chelsea,43.0,59839.0,Karim Benzema,4-3-3,Szymon Marciniak,Match Report,Leg 2 of 2; Real Madrid won; Required Extra Time,2021-2022,1.2,2.7
2022-04-26,20:00,,Semi-finals,Tue,Away,L,3.0,4.0,eng Manchester City,41.0,52217.0,Karim Benzema,4-3-3,István Kovács,Match Report,Leg 1 of 2,2021-2022,1.6,2.7
2022-05-04,21:00,,Semi-finals,Wed,Home,W,3.0,1.0,eng Manchester City,45.0,61416.0,Karim Benzema,4-2-3-1,Daniele Orsato,Match Report,Leg 2 of 2; Real Madrid won; Required Extra Time,2021-2022,2.3,1.4
2022-05-28,21:30,,Final,Sat,Neutral,W,1.0,0.0,eng Liverpool,46.0,75000.0,Karim Benzema,4-3-3,Clément Turpin,Match Report,,2021-2022,0.9,2.2
2022-09-06,20:00,,Group stage,Tue,Away,W,3.0,0.0,sct Celtic,64.0,57057.0,Karim Benzema,4-3-3,Sandro Schärer,Match Report,,2022-2023,1.9,1.4
2022-09-14,21:00,,Group stage,Wed,Home,W,2.0,0.0,de RB Leipzig,52.0,54289.0,Nacho,4-3-3,Maurizio Mariani,Match Report,,2022-2023,0.9,0.7
2022-10-05,21:00,,Group stage,Wed,Home,W,2.0,1.0,ua Shakhtar,59.0,56011.0,Karim Benzema,4-3-3,Ivan Kružliak,Match Report,,2022-2023,3.4,0.8
2022-10-11,22:00,,Group stage,Tue,Away,D,1.0,1.0,ua Shakhtar,58.0,29030.0,Karim Benzema,4-2-3-1,Orel Grinfeeld,Match Report,,2022-2023,1.1,0.5
2022-10-25,21:00,,Group stage,Tue,Away,L,2.0,3.0,de RB Leipzig,56.0,45228.0,Nacho,4-2-3-1,Daniele Orsato,Match Report,,2022-2023,2.1,2.2
2022-11-02,18:45,,Group stage,Wed,Home,W,5.0,1.0,sct Celtic,64.0,52511.0,Luka Modrić,4-3-3,Stéphanie Frappart,Match Report,,2022-2023,3.8,2.1
2023-02-21,20:00,,Round of 16,Tue,Away,W,5.0,2.0,eng Liverpool,48.0,52337.0,Karim Benzema,4-3-3,István Kovács,Match Report,Leg 1 of 2,2022-2023,1.6,1.8
2023-03-15,21:00,,Round of 16,Wed,Home,W,1.0,0.0,eng Liverpool,54.0,63127.0,Karim Benzema,4-3-3,Felix Zwayer,Match Report,Leg 2 of 2; Real Madrid won,2022-2023,2.2,0.6
2023-04-12,21:00,,Quarter-finals,Wed,Home,W,2.0,0.0,eng Chelsea,57.0,63142.0,Karim Benzema,4-3-3,François Letexier,Match Report,Leg 1 of 2,2022-2023,2.3,0.7
2023-04-18,20:00,,Quarter-finals,Tue,Away,W,2.0,0.0,eng Chelsea,46.0,39453.0,Karim Benzema,4-3-3,Daniele Orsato,Match Report,Leg 2 of 2; Real Madrid won,2022-2023,1.8,1.9
2023-05-09,21:00,,Semi-finals,Tue,Home,D,1.0,1.0,eng Manchester City,45.0,63485.0,Karim Benzema,4-3-3,Artur Dias,Match Report,Leg 1 of 2,2022-2023,0.7,0.5
2023-05-17,20:00,,Semi-finals,Wed,Away,L,0.0,4.0,eng Manchester City,41.0,52313.0,Karim Benzema,4-3-3,Szymon Marciniak,Match Report,Leg 2 of 2; Manchester City won,2022-2023,0.5,2.8
2023-09-20,18:45,,Group stage,Wed,Home,W,1,0,de Union Berlin,75.0,65207.0,Nacho,4-3-1-2,Espen Eskås,Match Report,,2023-2024,3.7,0.2
2023-10-03,21:00,,Group stage,Tue,Away,W,3,2,it Napoli,50.0,51649.0,Nacho,4-3-1-2,Clément Turpin,Match Report,,2023-2024,1.4,1.9
2023-10-24,20:00,,Group stage,Tue,Away,W,2,1,pt Braga,52.0,29820.0,Nacho,4-3-1-2,Michael Oliver,Match Report,,2023-2024,0.9,1.5
2023-11-08,21:00,,Group stage,Wed,Home,W,3,0,pt Braga,48.0,68509.0,Nacho,4-3-1-2,Halil Umut Meler,Match Report,,2023-2024,3.2,1.4
2023-11-29,21:00,,Group stage,Wed,Home,W,4,2,it Napoli,53.0,73562.0,Dani Carvajal,4-2-2-2,François Letexier,Match Report,,2023-2024,2.8,1.4
2023-12-12,21:00,,Group stage,Tue,Away,W,3,2,de Union Berlin,74.0,73420.0,Nacho,4-2-2-2,Rade Obrenović,Match Report,,2023-2024,2.9,1.1
2024-02-13,21:00,,Round of 16,Tue,Away,W,1,0,de RB Leipzig,50.0,45028.0,Nacho,4-3-1-2,Irfan Peljto,Match Report,Leg 1 of 2,2023-2024,1.4,1.4
2024-03-06,21:00,,Round of 16,Wed,Home,D,1,1,de RB Leipzig,53.0,76126.0,Nacho,4-3-3,Davide Massa,Match Report,Leg 2 of 2; Real Madrid won,2023-2024,0.8,1.0
2024-04-09,21:00,,Quarter-finals,Tue,Home,D,3,3,eng Manchester City,39.0,76680.0,Dani Carvajal,4-2-3-1,François Letexier,Match Report,Leg 1 of 2,2023-2024,0.7,0.8
2024-04-17,20:00,,Quarter-finals,Wed,Away,D,1 (4),1 (3),eng Manchester City,33.0,52306.0,Nacho,4-2-3-1,Daniele Orsato,Match Report,Leg 2 of 2; Real Madrid won; Real Madrid won on penalty kicks following extra time,2023-2024,1.4,2.7
2024-04-30,21:00,,Semi-finals,Tue,Away,D,2,2,de Bayern Munich,49.0,75000.0,Nacho,4-4-2,Clément Turpin,Match Report,Leg 1 of 2,2023-2024,1.9,1.6
2024-05-08,21:00,,Semi-finals,Wed,Home,W,2,1,de Bayern Munich,57.0,76579.0,Nacho,4-4-2,Szymon Marciniak,Match Report,Leg 2 of 2; Real Madrid won,2023-2024,2.8,0.4
